{"cameraMode":{"drawMode":0,"name":"Shaded","section":"Shading Mode"},"sceneLighting":true,"audioPlay":false,"sceneViewState":{"showFog":true,"showMaterialUpdate":false,"showSkybox":true,"showFlares":true,"showImageEffects":true,"showParticleSystems":true},"in2DMode":false,"pivot":{"x":63.04011535644531,"y":147.65216064453126,"z":-25.7308349609375},"rotation":{"x":0.08011289685964585,"y":0.9176108837127686,"z":-0.23950156569480897,"w":0.306941956281662},"size":466.361083984375,"orthographic":false}