{"cameraMode":{"drawMode":0,"name":"Shaded","section":"Shading Mode"},"sceneLighting":true,"audioPlay":false,"sceneViewState":{"showFog":true,"showMaterialUpdate":false,"showSkybox":true,"showFlares":true,"showImageEffects":true,"showParticleSystems":true},"in2DMode":false,"pivot":{"x":360.6763916015625,"y":395.1240234375,"z":66.6458969116211},"rotation":{"x":0.01380887906998396,"y":-0.004504327662289143,"z":0.0000620453865849413,"w":0.9998957514762878},"size":404.5495910644531,"orthographic":false}